<Configuration id="{2D5793BC-A65D-4318-A1B9-A05044608385}">
  <entry key="calexUndistResMode" value="2"/>
  <entry key="calexFolder" value="C:\Users\gdrett.AD\Documents\"/>
  <entry key="calexUndistortNaming" value="1"/>
  <entry key="calexTrans" value="1"/>
  <entry key="calexUndistortPixelFormat" value="32bppBGRA"/>
  <entry key="calexHasDisabled" value="0x0"/>
  <entry key="calexRequiresUndistortPrincipal" value="0x1"/>
  <entry key="calexExportImages" value="true"/>
  <entry key="calexUndistortImageFormat" value="png"/>
  <entry key="MvsExportScaleZ" value="1.0"/>
  <entry key="MvsExportIsGeoreferenced" value="0x1"/>
  <entry key="MvsExportIsModelCoordinates" value="0"/>
  <entry key="calexRequiresColorCorrection" value="0x0"/>
  <entry key="MvsExportScaleY" value="1.0"/>
  <entry key="calexDownscale" value="0x1"/>
  <entry key="calexRequiresEqualResolution" value="0x0"/>
  <entry key="calexUndistMaxPixels" value="0"/>
  <entry key="calexInputHasLayers" value="0"/>
  <entry key="MvsExportScaleX" value="1.0"/>
  <entry key="calexUndistFitMode" value="0"/>
  <entry key="MvsExportRotationY" value="0.0"/>
  <entry key="MvsExportcoordinatesystemtype" value="0"/>
  <entry key="MvsExportNormalFlipZ" value="false"/>
  <entry key="MvsExportRotationX" value="0.0"/>
  <entry key="hasCalexFilePath" value="1"/>
  <entry key="MvsExportNormalFlipY" value="false"/>
  <entry key="MvsExportNormalSpace" value="Mikktspace"/>
  <entry key="calexHasUndistort" value="2"/>
  <entry key="MvsExportNormalFlipX" value="false"/>
  <entry key="MvsExportRotationZ" value="0.0"/>
  <entry key="calexFileFormat" value="Bundler v0.3 (negative z)"/>
  <entry key="MvsExportMoveZ" value="0.0"/>
  <entry key="calexFileFormatId" value="{648CB940-4126-48C3-A96A-B3601D03A6A0}"/>
  <entry key="hasCalexFileName" value="1"/>
  <entry key="calexUndistCutOut" value="1.0"/>
  <entry key="calexHasImageExport" value="1"/>
  <entry key="calexUndistBackColor" value="0"/>
  <entry key="MvsExportMoveX" value="0.0"/>
  <entry key="MvsExportNormalRange" value="ZeroToOne"/>
  <entry key="MvsExportMoveY" value="0.0"/>
</Configuration>
